Customer_Index,Actual_Churn,Predicted_Churn_LR,Churn_Probability_LR,Predicted_Churn_XGB,Churn_Probability_XGB
437,0,0,0.04499870353432996,0,0.0036704037
2280,0,1,0.6837133186565507,1,0.9179372
2235,0,0,0.05980120905996031,0,0.07257262
4460,0,0,0.40007917560550943,0,0.40545875
3761,0,0,0.021461701458848903,0,0.0014111451
5748,0,1,0.6024528826955344,1,0.68206847
3568,0,0,0.44870355750098484,1,0.55192447
2976,0,0,0.1293107237310168,0,0.090031914
5928,0,0,0.0029233907529870617,0,0.010974364
1639,1,0,0.3957021016287965,0,0.44582403
2079,0,0,0.26540842468743964,0,0.21620643
1280,0,0,0.062063948356065,0,0.0032521929
667,0,0,0.13108899528047163,0,0.30531976
3524,1,1,0.6854388189507887,1,0.7508576
5283,0,0,0.12859735563338434,0,0.12907103
485,0,0,0.05814313363599205,0,0.010999369
6121,0,0,0.03280606127364684,0,0.0058554206
2136,0,1,0.637158778066833,1,0.70403343
6501,0,0,0.18125059806934582,0,0.17166917
5356,0,0,0.08564342303047569,0,0.07986877
6529,1,1,0.7248467030606329,1,0.73298085
1242,0,0,0.2656866744656076,0,0.34928653
1615,0,0,0.017341934244818363,0,0.006169404
5082,0,0,0.03701262834100917,0,0.02663648
5389,0,0,0.18139291047181047,0,0.15689562
3985,0,0,0.2114323569204054,0,0.29244184
761,1,1,0.5728110819090291,0,0.34119135
6125,1,1,0.6936275236835637,1,0.7449593
6053,0,0,0.019180147431794813,0,0.047015633
5547,1,1,0.7763218529773741,1,0.7025019
1838,0,0,0.44312412789291755,0,0.42027253
6979,0,0,0.43383949221939405,0,0.45463645
4345,0,0,0.005573692410566691,0,0.0024919028
3553,0,0,0.005035174473406784,0,0.0037287094
346,1,1,0.7796160804231719,1,0.7642956
3624,0,0,0.25176016725492895,0,0.11633286
950,1,0,0.37706249779888074,1,0.5394813
3707,0,0,0.00208877508762369,0,0.001440665
6633,1,1,0.7593170473563879,1,0.8879159
2488,1,0,0.18507895486983414,0,0.10702137
4852,0,0,0.0028412856254199054,0,0.0018816879
2519,0,1,0.7877660497901995,1,0.8879761
5400,0,0,0.3500753113282789,1,0.53787124
1520,0,0,0.24042858777500806,0,0.13199046
3712,0,0,0.04206082159759904,0,0.08521543
880,1,1,0.5154013906899733,1,0.62832534
3510,0,1,0.7103826344411417,1,0.6854732
6114,0,0,0.3706618751667228,0,0.13722683
3283,0,0,0.005519931554088021,0,0.0027150952
523,1,0,0.41343967491131045,0,0.20548774
1035,0,0,0.004565343744433345,0,0.0023762668
2246,1,1,0.7226612046441877,1,0.8968129
6140,0,0,0.1754468402057931,0,0.11434682
4030,0,0,0.2646694811744877,0,0.40811962
2255,0,0,0.21438585350230888,0,0.3374758
6304,1,1,0.6166420712570593,1,0.56894666
5965,0,0,0.06045270983923881,0,0.07089835
5614,0,0,0.05533314242210513,0,0.032292757
5601,0,0,0.07282494139997144,0,0.013099301
2466,0,0,0.0033655900828393217,0,0.004151423
4914,0,0,0.006652341116159394,0,0.0004801567
5086,1,0,0.03050045253211948,0,0.009020155
888,0,0,0.18514758270682508,0,0.18275516
123,0,0,0.1817082647502476,0,0.15810156
3408,1,0,0.2590288546933104,0,0.26990718
3362,1,0,0.3663610498294995,1,0.5951138
7011,1,0,0.20694088007679565,0,0.14298384
3158,1,0,0.28526956118133645,0,0.2178365
5968,1,0,0.21106372475182397,0,0.12616096
5300,1,1,0.6369973168558599,1,0.8834812
4761,0,0,0.0025969946622961047,0,0.0011803433
4441,0,0,0.013034934892984403,0,0.0047628265
290,1,1,0.6225278340039858,1,0.5032699
4120,0,0,0.20590282240634533,0,0.055592846
3704,0,0,0.0268095698023429,0,0.067452505
1718,0,0,0.04966757260728454,0,0.03293135
5202,0,0,0.062167128083620245,0,0.025809675
1472,1,1,0.5328142449365747,0,0.42475423
3217,0,0,0.24283010111012868,0,0.13607147
4530,0,0,0.0030330633264922147,0,0.00620779
3211,0,0,0.0480397403559306,0,0.031552278
1016,0,0,0.012712589386421306,0,0.00065909117
1577,1,0,0.2345655864696649,0,0.19608542
642,1,1,0.7910710110691567,1,0.8651185
4770,0,0,0.07033306370433993,0,0.05128563
3856,0,0,0.3838681155727978,0,0.2773758
6314,0,1,0.6616733188822336,1,0.73049545
3185,1,1,0.5175950560472138,1,0.7902823
4594,1,0,0.49560980991562825,1,0.51041436
6478,0,0,0.09470458338949463,0,0.008775064
3975,1,1,0.6210107830072219,0,0.3804911
1461,0,0,0.31629897475375957,0,0.38287902
2268,0,0,0.013588066010982282,0,0.003776312
1999,1,1,0.6041538310806013,0,0.4927609
2361,1,0,0.2952951815935499,0,0.4868417
4728,0,0,0.01655543016872834,0,0.004384655
6481,0,0,0.4299114354450097,0,0.4805072
6942,0,0,0.0043843355260600415,0,0.0016625624
1334,1,1,0.6790738544221864,1,0.85307
5150,0,0,0.17481833007958208,0,0.11930514
2448,1,1,0.765665104556801,1,0.5466294
2231,1,1,0.6395930518147281,0,0.48081583
203,0,1,0.523730978128339,0,0.36786443
1644,1,0,0.4395123837475888,0,0.047416117
1014,1,0,0.2838199991094446,0,0.23221359
6614,0,0,0.0018058572193122126,0,0.002159187
5710,0,0,0.10993860778181005,0,0.10030397
1153,0,0,0.0485804875548809,0,0.011124986
6332,0,0,0.04579821124046867,0,0.036491312
3604,0,0,0.046151523267178994,0,0.04924882
1076,0,0,0.01300446985622799,0,0.012829625
3978,0,1,0.6374264144123877,1,0.72607714
3166,0,0,0.17833853076525408,0,0.16513936
6133,0,1,0.5423630737442953,1,0.5381315
185,1,1,0.6527369343357821,1,0.68161243
4686,0,0,0.042059754268213276,0,0.0034734195
3516,1,1,0.504592796605092,1,0.57976496
1175,0,0,0.47727000483211796,0,0.33649352
1606,0,0,0.037482531480545714,0,0.017859392
1653,0,0,0.004625757528814937,0,0.021123324
2180,0,0,0.0418557182291837,0,0.004106933
1807,1,1,0.603789052258257,1,0.9210235
2292,0,0,0.015390362428276525,0,0.008850725
1560,0,0,0.041656132104010334,0,0.016771
5393,1,1,0.6995843872392532,1,0.7777547
6208,0,0,0.016426394306854965,0,0.0030775634
1987,1,0,0.39326134844294103,0,0.39044216
5205,0,0,0.20640914588449794,0,0.08879326
3792,1,1,0.6629806863552697,1,0.61434525
4193,0,0,0.12489782185396735,0,0.15382372
6388,1,0,0.18809332033254272,0,0.22697516
5207,1,0,0.39492591239952013,0,0.34183654
675,0,0,0.11384528241507806,0,0.3691261
300,0,0,0.2092421586558945,0,0.14732602
5093,0,0,0.037661651978997686,0,0.012856031
6191,0,0,0.18677579565982155,0,0.18266296
2259,0,0,0.04190280781232289,0,0.008192167
4802,0,0,0.09318081048774068,0,0.038390707
4231,0,0,0.008204181443611742,0,0.001638435
402,1,0,0.2853365722636924,1,0.57760227
1036,0,0,0.04896096966624248,0,0.06651366
7002,0,0,0.08787076625576229,0,0.004672965
747,0,1,0.5510875595938761,1,0.5336995
2373,0,0,0.015117257831314972,0,0.0057157115
3719,0,0,0.030903478249072833,0,0.0011079942
2743,0,0,0.060927412768490605,0,0.05072661
2755,0,0,0.04012064445871259,0,0.03640582
110,1,0,0.3125651884859032,0,0.30783936
1801,0,0,0.45821982254393995,0,0.38408196
1184,0,0,0.4043556511107457,1,0.58480036
2681,0,0,0.01501130312496418,0,0.015555603
4079,0,1,0.5127557319173983,1,0.50270647
6239,0,0,0.13708162601896295,0,0.09626407
3236,0,0,0.3178907871809107,0,0.40112522
5098,1,1,0.7707380321082873,1,0.8250043
2383,0,0,0.3826786601672037,0,0.27422276
4782,0,1,0.5781524309546723,1,0.57771343
180,1,0,0.4205625874149064,0,0.4906301
3044,1,0,0.4344606026155916,1,0.5551317
2521,1,1,0.5136569426949135,1,0.5807243
4855,0,0,0.04367201524075149,0,0.011976137
2143,0,0,0.14655365481442437,0,0.016699363
4201,0,0,0.0018105113448103763,0,0.0011362031
1855,0,0,0.00930375568242744,0,0.002469506
3182,0,0,0.11054442489708755,0,0.06265268
3721,1,0,0.18055022762576753,0,0.12613599
6571,0,0,0.040250718053074716,0,0.031150125
3240,1,0,0.1348725904342032,0,0.21130212
3359,0,0,0.121355287309384,0,0.057695307
4152,0,0,0.01124111441260887,0,0.18339114
4571,0,0,0.4680345668212033,0,0.3470587
2194,1,1,0.7517714287632978,1,0.9327403
1792,0,0,0.12055942066337376,0,0.0913233
2526,1,0,0.193872684662226,0,0.27929512
195,0,0,0.3886107884911205,1,0.64138365
558,0,1,0.538230095285069,0,0.31989884
5671,0,0,0.0052775637693056356,0,0.007813763
2649,0,0,0.004432195861390931,0,0.009713516
2590,0,0,0.3926864620684872,0,0.46415037
4046,0,0,0.15853490580972013,0,0.08113233
1543,1,1,0.5895087052324952,0,0.4614792
5034,0,0,0.04189558337865023,0,0.17213674
4154,1,1,0.7313059394504331,1,0.7568346
223,1,0,0.25291451177379415,0,0.30616498
2338,0,0,0.0017817728924939412,0,0.0012297245
6919,0,0,0.26333898718168486,0,0.20397721
342,0,0,0.0390237649371195,0,0.01848356
7001,1,0,0.3789851705927559,0,0.45078722
907,0,0,0.12210422479376729,0,0.16217983
6070,0,0,0.030179184583721094,0,0.011609371
2923,0,0,0.15626855047098834,0,0.056335535
7016,0,0,0.3787036307161929,0,0.3402515
2686,1,1,0.662779524952869,1,0.65225047
6492,0,0,0.021828257789266982,0,0.005877474
2931,0,1,0.5116947385105393,0,0.29068998
3464,0,0,0.40876680712608204,0,0.4949634
6455,0,0,0.22749960802826882,1,0.55250114
5619,0,0,0.4559296630429495,0,0.18267578
2850,0,0,0.4438914780204808,0,0.23276085
2102,0,0,0.47822434149866855,0,0.27193305
4436,0,0,0.18929312911093432,0,0.20771018
3234,0,0,0.017016039887788208,0,0.0050803646
3944,0,0,0.06158363670477221,0,0.054633413
3670,0,0,0.05412903190964704,0,0.06921148
5595,0,0,0.18425312931477492,0,0.16804604
5080,0,0,0.11535082474766747,0,0.047076005
4923,0,0,0.05964932749828777,0,0.03448702
3207,0,0,0.2026022560868622,0,0.13803847
3376,0,0,0.2174296292000285,0,0.39349735
5730,0,0,0.004361502302764334,0,0.006167417
4140,1,0,0.1423053099163073,0,0.21113938
4161,0,0,0.36838123228600966,1,0.68963313
3831,1,0,0.4287584104041426,0,0.0948643
1347,0,0,0.038121022825954795,0,0.0047557573
9,0,0,0.010836208946811582,0,0.014139308
5013,0,0,0.42105490997640965,0,0.4525248
1092,0,0,0.003983672707703226,0,0.016766904
4461,0,1,0.529062390844157,0,0.3505523
5381,1,1,0.5325777152168439,1,0.5012826
3799,1,0,0.08550806849862254,0,0.051634796
4696,0,0,0.1056681116202573,0,0.21126886
2914,0,0,0.15851139446982845,0,0.11908447
4537,0,0,0.49616063536136984,0,0.38935745
1554,0,0,0.0694710164225231,0,0.040196642
5250,0,1,0.7179720915831784,1,0.79804426
1380,0,0,0.10493601181708206,0,0.064778276
4224,0,0,0.002529043017789888,0,0.002625868
4552,0,0,0.1719880474389535,0,0.08451065
5133,1,1,0.7180799783046214,1,0.65311706
352,0,1,0.7804211575077618,1,0.60877883
1444,0,0,0.09068596779689349,0,0.09893056
3918,1,1,0.6311980428537238,1,0.552852
4755,0,0,0.49677994325442953,0,0.31431445
2646,0,0,0.02597989334483835,0,0.0087760715
2275,1,1,0.7242047105359307,1,0.85037714
3755,1,1,0.7407496797249893,1,0.80138654
6853,1,0,0.3235825882484129,0,0.16656694
150,0,0,0.42617631589022636,0,0.29087466
3174,0,0,0.0924522095015305,0,0.33598733
4867,0,1,0.5774712348902383,1,0.5241782
3043,1,1,0.6605969046229467,1,0.79979986
3172,1,1,0.5562659907026567,1,0.7349812
4379,0,0,0.08106969314782471,0,0.076312475
4533,0,0,0.10112537605259925,0,0.12501201
3357,1,0,0.41357820851413474,1,0.73673195
2543,1,1,0.5455861492391836,1,0.65736234
5360,1,1,0.5940887215176817,1,0.5844517
6268,0,0,0.039561547776009114,0,0.032872215
993,0,0,0.03748425514901522,0,0.013621963
4070,0,0,0.3818680458183692,0,0.4222064
1766,0,0,0.0402825243231367,0,0.010539523
4022,0,0,0.13486040218354534,0,0.011558275
1448,0,0,0.10498709902054926,0,0.04588435
6720,0,0,0.03028274927349548,0,0.02220932
5509,1,0,0.26259945958958897,0,0.29192576
6731,0,0,0.028106759015292773,0,0.007978859
3736,0,0,0.10221511152748813,0,0.03780423
5797,0,0,0.3228221858051099,0,0.15647349
5669,0,0,0.27322760295977455,0,0.3398307
2860,0,0,0.36937444226042254,0,0.40246356
3824,0,0,0.46849531199586814,1,0.5535659
2967,0,0,0.0722701474797224,0,0.11755381
714,0,0,0.0034447051819088497,0,0.0012547947
4676,0,0,0.14129158825582702,0,0.13687633
2911,1,1,0.5214826855530986,1,0.7261323
4653,1,0,0.18978061621895165,0,0.05552993
492,1,1,0.6044877915164977,1,0.5208848
1321,0,0,0.012929963617255878,0,0.012581145
3669,0,0,0.4639885560244017,0,0.30514112
5652,0,0,0.474384505488997,1,0.6244615
6777,0,1,0.5474728247499295,1,0.55073726
4147,0,0,0.004110117654538614,0,0.0019699398
3848,0,0,0.30332674654033137,0,0.36257997
6149,0,0,0.31482992735921894,0,0.12540494
3897,0,0,0.06334900986205468,0,0.0035623312
5809,0,1,0.6037530741621475,1,0.751094
2367,1,1,0.6486572935313311,1,0.76515526
2219,0,1,0.6206033044075824,1,0.53291875
2397,1,1,0.7941562713538577,1,0.8768
519,0,0,0.11512603411056235,0,0.081201516
3505,0,1,0.5656693212917693,1,0.5345436
5012,0,0,0.12286445192605429,0,0.09302594
685,0,0,0.42068757206778706,0,0.4662783
3812,0,0,0.07256173899350109,0,0.028821522
4986,0,1,0.5003412271788039,1,0.53004885
2294,1,1,0.7444852122368105,1,0.63315445
5006,1,0,0.2844737982996267,0,0.15344231
3665,0,0,0.07322342498158253,0,0.005654613
2155,1,1,0.6213350926057942,1,0.6541579
5487,0,0,0.030973122737591237,0,0.020892661
4817,0,0,0.18929056593188048,0,0.47933444
1219,0,0,0.12307882137524316,0,0.030769873
4206,0,0,0.04216702756292573,0,0.0056592454
5067,0,0,0.07291975267771406,0,0.0911642
4317,0,0,0.09906416387004828,0,0.058746517
2486,0,0,0.3255334873329382,0,0.23264657
895,0,0,0.3774241724355923,1,0.5098391
580,1,0,0.10421987774040258,0,0.010090772
686,0,0,0.02258549974708486,0,0.016674459
6523,0,0,0.08666955380919436,0,0.0746369
3466,0,0,0.0036646698586120063,0,0.0010454297
5715,1,0,0.3616717691629855,0,0.07105987
2902,0,1,0.6039863265152524,1,0.5940674
3317,0,0,0.013566488357459341,0,0.017248103
6179,1,1,0.740995107049984,1,0.78303015
6057,0,0,0.2331259063333649,0,0.24271171
1343,0,0,0.03353829068604451,0,0.07495037
4018,0,0,0.13761054110758925,0,0.06064504
2674,0,0,0.19055928912714892,0,0.25569555
1316,0,0,0.20824285473805879,0,0.103914864
302,0,1,0.6428736345541676,1,0.593459
6015,0,1,0.5918812178249687,0,0.46978128
1584,0,0,0.040780138749630025,0,0.05521818
3970,0,0,0.026048300422157663,0,0.16162875
4160,0,0,0.07138437807046803,0,0.025757728
3898,0,0,0.016722041214692392,0,0.022417597
5484,0,0,0.09910068174038891,0,0.055261377
6457,0,0,0.1273334335485141,0,0.11847465
1890,1,0,0.2697944511511073,1,0.53947407
3145,1,1,0.5445031642192368,1,0.6502884
2699,0,0,0.49251673859310235,1,0.5182288
6308,0,1,0.6089618826805191,1,0.53168654
3216,1,0,0.2927517835936314,1,0.6290386
2849,0,0,0.12307949653758495,0,0.07612321
7033,0,0,0.30552611564935206,0,0.44554698
1552,0,0,0.045510170088948226,0,0.0076051424
3694,1,0,0.05041143508148701,0,0.17608587
4253,0,1,0.6237380101929619,1,0.6469849
894,0,0,0.08602070296563145,0,0.008861269
6436,0,0,0.009353998445783584,0,0.019166261
2892,0,0,0.19131882442804518,0,0.18418287
2005,1,0,0.1818938249928271,0,0.08964321
5470,0,0,0.039437691298986034,0,0.0054141697
1127,0,0,0.04889956931499946,0,0.09037017
5181,0,0,0.01283767894815153,0,0.0012891256
4408,0,0,0.013206461697458056,0,0.004732271
1070,1,1,0.5184373270632975,1,0.51163965
4984,0,0,0.05496277085624139,0,0.10185124
5886,0,0,0.006040569386627059,0,0.00811211
3155,0,0,0.025543753759178136,0,0.008770781
2915,0,0,0.012055370228874943,0,0.0025142902
809,1,1,0.7075487976592346,1,0.9421363
5623,0,0,0.13918145700184156,0,0.101276286
4725,1,0,0.3169594558621323,0,0.35679486
6748,1,1,0.7655599280689978,1,0.8819224
6945,1,0,0.057626795009017726,0,0.018607812
6951,0,0,0.009039984600110736,0,0.0054399353
1509,1,1,0.5699240394362881,0,0.31697083
4423,0,0,0.18544632319259316,0,0.17571925
1088,1,1,0.7003439797706823,0,0.40903407
6098,0,0,0.17052548029695738,0,0.08692743
3844,1,0,0.09906118882481199,0,0.110727824
7036,0,0,0.26709850431075155,0,0.09942862
5902,0,0,0.24828341560784417,0,0.13089359
5828,0,0,0.0025464493571526856,0,0.0010360818
3320,0,0,0.2681423229320521,0,0.18920285
3818,0,0,0.07114513532727863,0,0.4033416
2580,0,1,0.5738927144617183,0,0.4160547
4600,0,0,0.04882501019133497,0,0.0363799
2798,1,1,0.7399360800082561,1,0.80082047
1851,1,1,0.6916223695945943,1,0.7493549
5725,0,0,0.03921504520176032,0,0.014034288
4008,0,0,0.10407972341689613,0,0.09014821
3751,0,0,0.24937766042805898,0,0.08304702
3291,0,0,0.09978474302886198,0,0.14773759
6537,1,0,0.06995923344878052,0,0.45443538
2961,0,0,0.23368025143775048,0,0.18475875
1123,0,0,0.06125511755595995,0,0.08167141
4113,0,0,0.030066631572534284,0,0.0066638854
2319,0,1,0.6090175749386866,0,0.49562174
5975,1,1,0.5403846294505634,1,0.6618172
4473,0,1,0.6561883235023046,1,0.7284111
768,0,0,0.3049639228293424,0,0.34322977
4151,0,0,0.23962298302388405,1,0.5375177
2711,1,0,0.31622645375876485,0,0.2250274
6075,0,0,0.12364874964370315,0,0.11774977
3437,0,0,0.07869789448033339,0,0.21540292
311,0,0,0.41098990450971784,0,0.34404498
2424,1,0,0.09834943380782778,0,0.06928277
1237,0,0,0.06516916262511946,0,0.014468718
3398,0,0,0.0915897475025521,0,0.084739365
6230,0,0,0.15945856340428755,0,0.3667955
5515,0,0,0.022289173122281934,0,0.014484556
4165,0,1,0.6249584758181909,1,0.79062897
1578,1,0,0.3493116033642686,0,0.19157936
5512,0,0,0.34056423866625246,0,0.31341264
6346,1,0,0.3178648704466549,0,0.348116
5168,1,1,0.6957307111683635,1,0.5969239
6657,0,0,0.011893105631455122,0,0.0056944806
51,1,0,0.4728755125313636,1,0.81991166
2064,0,0,0.023173011961763766,0,0.02215168
800,0,0,0.06091333235676591,0,0.0624892
14,0,0,0.4616714578297738,1,0.65872735
884,0,0,0.028204651183445863,0,0.010067085
6108,0,0,0.308089541565732,0,0.1507755
4666,0,0,0.09358566690205887,0,0.02856302
6383,0,0,0.03281135715189006,0,0.015699662
5449,0,0,0.03436682487166439,0,0.041299395
949,0,0,0.009933245279230847,0,0.0030409475
1549,1,0,0.4380825636622131,1,0.6402494
1693,0,0,0.03814357795546492,0,0.0026153303
4185,0,0,0.23920000270516414,0,0.32321423
1648,0,0,0.22515474916230735,0,0.08348548
2691,0,0,0.25795968992022916,0,0.23894553
1288,0,0,0.0034601028178972123,0,0.024401557
2792,0,0,0.2634283136172686,0,0.22236167
658,1,0,0.08517078730178404,0,0.03859034
5842,0,0,0.4854985783507203,0,0.23653221
4947,1,1,0.7065467042863574,1,0.68838596
6747,0,0,0.03384005604129769,0,0.013562411
5615,1,0,0.24306109006610613,0,0.35268146
4810,1,1,0.6362164904601741,1,0.64302963
4664,1,1,0.579647233409835,1,0.6854197
4856,1,1,0.5263108022078722,0,0.43506786
3744,0,0,0.1718189281324125,0,0.04249664
7,0,0,0.2916738824163659,0,0.10666149
5736,0,0,0.19228868311755606,0,0.3266317
5039,1,1,0.7696094641375053,1,0.7527932
3790,1,0,0.09384877874704244,0,0.011216667
2290,1,1,0.5502619101144233,0,0.44254825
183,0,0,0.06298011244451114,0,0.08140315
5587,0,0,0.19072177891379577,0,0.0405621
1037,0,1,0.5465145007534481,0,0.45349234
3251,1,0,0.44962129341904056,0,0.20589294
2701,0,0,0.005432955171999587,0,0.0071984003
760,0,0,0.19047326523980676,0,0.40600508
6324,0,0,0.49684668876792215,1,0.5805658
5675,0,1,0.6231341178508096,0,0.46258506
165,0,0,0.002810344284717067,0,0.0015610579
2593,0,0,0.0028470681725566924,0,0.0042685303
404,0,0,0.036820195367452055,0,0.006538289
5166,0,0,0.1796069154048481,0,0.1454956
6104,0,0,0.15883148582887227,0,0.10428974
3957,0,0,0.13076730897658287,0,0.05838869
4281,0,0,0.08648689229244476,0,0.042532146
6190,1,1,0.6729055107290259,1,0.8514624
832,0,0,0.00876415980014922,0,0.1356409
805,0,0,0.027322053067858586,0,0.032300796
5773,0,0,0.09528455492791242,0,0.09584721
1557,0,0,0.2625370833486907,0,0.17047027
6127,0,0,0.13056620078459402,0,0.22867197
6885,1,1,0.5412912361505372,0,0.40955415
2088,0,0,0.1076853163636344,0,0.037084136
5234,0,0,0.20608128891618405,0,0.24161579
4259,1,0,0.23682341532257936,0,0.14964417
683,0,0,0.3068181497201029,0,0.2927357
2472,0,0,0.006267993244051768,0,0.02457666
1162,0,0,0.02004147517653409,0,0.054138046
2139,0,1,0.5639697411940545,0,0.3738864
2968,0,1,0.6092387295457129,1,0.58397216
3798,0,1,0.5228815303683354,1,0.57569176
3769,0,0,0.08024063155635591,0,0.072147325
6973,0,0,0.1723781352041356,0,0.14339474
4475,0,0,0.22610999667884615,0,0.14888464
6574,0,1,0.7734806434543489,1,0.8389625
1277,0,0,0.0024327044963711204,0,0.0006943286
6207,1,0,0.27987327838296283,0,0.42400974
743,0,0,0.006655402408303271,0,0.0039083804
2138,0,0,0.009246002549709564,0,0.008341374
5891,1,0,0.42302732398424614,0,0.41028923
4305,0,0,0.024302803203363116,0,0.0132781975
2204,1,0,0.16531084232650176,0,0.09061244
2467,0,0,0.2762586409083899,0,0.39399207
3112,0,0,0.03725578863456868,0,0.0032448575
6735,0,0,0.0066332199825233,0,0.0017582439
1756,0,0,0.06557391275710465,0,0.13896841
2034,0,0,0.03514964987534506,0,0.0791698
541,0,0,0.47199213295062503,0,0.21605274
4629,0,0,0.16529505312896925,0,0.043992322
1254,0,0,0.05023171876903727,0,0.102540925
6786,1,0,0.1767252414124492,0,0.11731387
6946,0,0,0.09016204149035727,0,0.09245639
796,0,0,0.15810424295464162,0,0.034380432
4028,0,0,0.03313750241354677,0,0.10617248
4210,0,0,0.08495297053304525,0,0.05189556
6423,0,0,0.002506340862927931,0,0.00041187322
2576,0,0,0.2247719663165704,0,0.055300202
2278,0,0,0.3929064132696936,0,0.30941597
453,1,0,0.49472525266938655,0,0.46256688
1887,1,1,0.5751310259350002,0,0.21384916
3554,0,1,0.5987228675934584,1,0.6771641
3293,0,1,0.566843431803718,0,0.36879766
5804,0,0,0.002579362948444618,0,0.0006400662
2608,1,0,0.3509629005223406,0,0.38340735
1568,0,1,0.7065895511114652,1,0.87980646
2913,0,0,0.020159211547309555,0,0.016534433
2351,0,0,0.008303104080172754,0,0.007870691
1846,0,0,0.04960069177346997,0,0.0028105981
1083,1,1,0.741844127992615,1,0.73626024
6206,0,0,0.2653837045939409,0,0.20554148
626,0,0,0.48019567890459286,0,0.39659446
3647,0,1,0.6872108659201933,0,0.40218002
2810,0,0,0.15875052641388185,0,0.07020336
5716,0,1,0.507326271688525,1,0.7582396
1033,0,0,0.004996409875308054,0,0.0036107325
6889,0,1,0.5772320739365849,1,0.7312292
5316,0,0,0.2441607163097173,0,0.43514758
479,1,0,0.35337706427264803,0,0.27326235
344,0,0,0.0191932868180524,0,0.0072957403
4264,0,1,0.5807872828728378,1,0.5997924
3109,0,0,0.009468380663923576,0,0.037240047
5355,0,0,0.30794739571845237,0,0.27586305
1381,0,1,0.5366458128756044,1,0.5735561
984,0,0,0.0025577231392535428,0,0.00053214055
657,0,0,0.04980012975746949,0,0.14974938
350,0,0,0.023644391033384827,0,0.016675608
4486,0,0,0.24003536816314694,0,0.07548533
4038,0,0,0.003938091114986476,0,0.013392414
3638,1,0,0.31358716776682843,1,0.5032881
1697,0,0,0.0056862000896985175,0,0.0030449182
933,1,1,0.8065446940471561,1,0.8737672
4266,1,0,0.09006487032915726,0,0.04680975
621,0,0,0.11653789916815865,0,0.17313778
1706,0,0,0.05425926653192986,0,0.008070569
3837,1,0,0.483750984696686,0,0.4633343
6964,0,0,0.08265541483513493,0,0.11470796
3988,0,0,0.04043567286629822,0,0.022893326
1881,0,0,0.24371977909195808,0,0.36824185
3874,0,0,0.438003459873741,1,0.5080883
2329,0,0,0.13497468918527677,0,0.10769206
6725,0,0,0.04178551237837014,0,0.03850403
4422,0,0,0.31894735441497635,0,0.27512187
3117,0,0,0.17609602925602227,0,0.14664964
5194,1,1,0.5091971568335749,1,0.5540179
4402,1,0,0.11662662778323359,0,0.1418051
985,1,0,0.42741339547616597,0,0.4229653
4627,0,0,0.1240690556287551,0,0.07789069
101,0,0,0.20704863107600754,0,0.3602181
1388,0,0,0.31852898735549956,0,0.21083342
4114,0,0,0.005017834888299664,0,0.0037229536
2118,0,1,0.5491850677805505,0,0.43244883
1654,0,0,0.09022083453769503,0,0.019013215
6292,0,0,0.3158691511343923,0,0.23059773
3991,1,1,0.6784365790564925,1,0.8498135
4527,1,0,0.10713624857925375,0,0.031460512
6419,0,0,0.13792749864771667,0,0.20119576
2286,0,0,0.35593344117686987,0,0.10358077
3377,0,0,0.0037407177158333207,0,0.0034589858
6726,1,1,0.6423613292662608,1,0.58933544
4740,1,0,0.25137748357595696,0,0.47536558
6142,1,0,0.22709443737964746,0,0.17123298
6245,0,0,0.08941384894731384,0,0.045466896
680,1,1,0.6280562430727251,1,0.90888333
4670,0,0,0.054095185371395196,0,0.13574505
6174,1,1,0.613581417682764,1,0.6670351
1351,0,0,0.1951617662111344,0,0.09571087
1844,0,0,0.022053917659713648,0,0.03967496
2704,0,0,0.03396199826991449,0,0.07205751
4478,0,1,0.5517214957577729,1,0.59650993
2509,0,0,0.00469699707856485,0,0.0013460424
4171,1,0,0.19595495908419017,0,0.049266797
4977,0,0,0.041758827333419346,0,0.018471202
1023,0,0,0.4546593256467488,0,0.2969226
3541,0,0,0.0915256099230564,0,0.104109004
454,0,0,0.005565645735274156,0,0.0037889334
4648,0,1,0.6980351401723416,1,0.57296425
3050,1,1,0.5392921975817412,1,0.72082883
1519,1,1,0.5555280651037846,1,0.76162237
958,0,0,0.12103583552340536,0,0.111333266
4572,0,0,0.45418247628349545,1,0.56803846
315,0,0,0.0897533046769911,0,0.19362785
6796,1,0,0.2659893387567505,0,0.28315452
978,1,0,0.3153433877829671,0,0.23878324
2695,0,0,0.041137349498322574,0,0.11157268
791,0,0,0.03054145903556787,0,0.100873694
156,0,1,0.5819189114228555,0,0.3896605
6509,1,1,0.6042234227747424,1,0.7606082
260,1,1,0.7025253693849453,1,0.87778854
2516,1,1,0.784180222024828,1,0.6421185
3007,1,0,0.44170631413698225,1,0.6279478
266,0,0,0.008502641150392386,0,0.023782913
1774,0,0,0.3001960418885824,1,0.5655184
882,1,1,0.6282453923222028,1,0.65023774
3565,1,0,0.47142742263129417,1,0.6267263
6270,0,0,0.01349135579544778,0,0.0045245388
5585,1,0,0.25882411600420213,0,0.3796964
3787,0,0,0.33992572863911813,0,0.25648624
476,0,0,0.22828788068299577,0,0.13938056
6794,0,0,0.009120876796448267,0,0.00877375
6426,0,0,0.0344544765920669,0,0.028642578
3777,0,0,0.005602495833607187,0,0.0038927179
6557,0,1,0.6277439019868688,1,0.57199043
2981,0,0,0.0028542148234460534,0,0.0013912884
1329,0,0,0.002291091364833022,0,0.0023388325
1760,0,0,0.03851122629773582,0,0.0249751
3656,0,0,0.02097213317030824,0,0.043261956
6970,1,1,0.7436184644133158,1,0.7633261
5560,0,0,0.11900267042712928,0,0.020361923
1909,0,0,0.06832113131714325,0,0.028704664
1040,1,1,0.5706860911101443,0,0.4882101
6539,0,0,0.30258381451368543,0,0.15689623
5822,0,0,0.3624396808594232,1,0.5409034
5048,0,0,0.25083610070964546,0,0.20111091
6991,1,1,0.6520579706833398,1,0.76678264
1783,1,1,0.6512464042089494,1,0.8052971
5078,0,0,0.06912358405316929,0,0.15948732
2154,0,0,0.016825498478066466,0,0.010937224
6073,0,0,0.0075297144690203675,0,0.010308354
5183,1,0,0.38476676239094854,0,0.40196842
1440,0,0,0.05974595788553186,0,0.030264026
6650,0,0,0.15607865657171618,0,0.10913734
6838,1,1,0.6473801838263245,1,0.68171364
73,0,0,0.005853895282919661,0,0.0025372296
524,1,1,0.6650542169811535,1,0.7570033
85,0,1,0.6920350101733861,1,0.9353887
4748,0,0,0.03949425997002055,0,0.013803884
5270,1,0,0.07152482160072268,0,0.08169086
1883,1,0,0.3211952536374677,0,0.10773588
6674,0,0,0.1989399574611391,0,0.12227975
4166,0,0,0.028918935078236434,0,0.015976107
212,0,0,0.0031183536904941024,0,0.043605383
5617,0,0,0.18373949313997315,0,0.16077341
1250,0,0,0.08527517594094886,0,0.03689129
4792,1,0,0.29855604031700456,0,0.4345513
2015,0,0,0.16797552484374875,0,0.022792604
1451,0,0,0.23914997249552816,0,0.078778744
3440,0,0,0.01280022670852033,0,0.0023400735
487,0,0,0.02268073021830681,0,0.002496868
6623,1,1,0.7834248910980133,1,0.95124584
4065,1,0,0.19301853239301656,0,0.30512902
5369,0,0,0.0485373180985201,0,0.025539538
3087,1,1,0.756154419656498,1,0.754745
3910,1,1,0.5394936988201873,1,0.59159446
4633,0,0,0.003710904828942763,0,0.00074106647
447,0,0,0.009006870836745878,0,0.016954692
6157,1,0,0.17906601696848418,0,0.14502214
6679,0,0,0.007634042830762202,0,0.008313553
3727,1,1,0.8186240142040612,1,0.9005065
1214,1,1,0.6009751680301986,0,0.30919266
2927,0,1,0.7064147121553666,1,0.86519367
3956,1,1,0.7745199461635739,1,0.7460978
24,0,0,0.02529313368533465,0,0.1438396
5597,1,1,0.5302334328431839,0,0.3992735
4654,0,0,0.02788253817058105,0,0.014607918
1081,0,1,0.6199866891735978,1,0.7734122
2421,0,0,0.08947442595051402,0,0.16470776
6159,0,0,0.07611905578280474,0,0.056719843
753,0,0,0.06626110023266725,0,0.0036381881
4296,1,0,0.12316005796161848,0,0.1598683
900,0,0,0.18289232749217768,0,0.14990842
5422,0,0,0.0035276743132440945,0,0.0031017943
922,0,1,0.6619720007376558,1,0.5679042
3767,0,0,0.0611730836472785,0,0.005062618
6690,0,0,0.11150615303255113,0,0.03845867
671,0,0,0.005882914531065914,0,0.031310115
6111,0,0,0.3638747000912955,0,0.40657994
3368,0,0,0.3040295456167145,0,0.21011621
2797,1,1,0.8184081576043414,1,0.91319394
5100,1,1,0.6077112266393979,1,0.75958884
966,1,0,0.1988280587349088,0,0.0727803
5091,1,0,0.4542459320361835,0,0.3117588
715,0,0,0.31543805940161546,0,0.13581584
3672,1,0,0.10423175587395077,0,0.09422909
5499,1,1,0.6882734274785813,1,0.7701916
1696,1,1,0.7894854684645113,1,0.87377775
531,0,0,0.0019134526061047276,0,0.00091464247
2490,0,0,0.11087711835921082,0,0.014661222
458,0,0,0.18848986774012008,0,0.10534863
428,0,1,0.5531955294067813,0,0.28876218
2279,0,0,0.0051956535487556865,0,0.0013654395
2377,0,0,0.07647805797409192,0,0.31370157
4508,0,0,0.06715648941096151,0,0.045888085
2983,0,0,0.009603914593298613,0,0.0023306322
1829,0,1,0.7159386629397013,1,0.68296474
3375,0,0,0.0018621547330621132,0,0.00091912097
4853,0,0,0.10720649399973131,0,0.08979887
3623,0,0,0.34904378066957,0,0.4215025
5462,0,0,0.04186593128230228,0,0.12376533
4340,0,0,0.2603530086629286,0,0.27740934
4449,0,0,0.12900124626127774,0,0.09447876
1260,0,0,0.3874000316917196,1,0.6164686
6263,0,0,0.21247768465526778,0,0.071536355
154,0,0,0.1315496062796155,0,0.09178659
3514,0,0,0.09089204924154226,0,0.09465014
3864,1,1,0.644501154462688,1,0.54510033
3036,0,0,0.025698574597189067,0,0.013846201
2820,0,0,0.01444394177101583,0,0.0817998
18,1,0,0.15381682989872675,0,0.19324264
783,1,0,0.41194595941840967,1,0.60363126
6593,1,0,0.14770100119971932,0,0.04397909
3992,0,0,0.017599189252537183,0,0.004008237
1062,0,0,0.089458013352219,0,0.058009014
6355,0,0,0.03610188046109676,0,0.041699667
2663,0,0,0.1678559226376572,0,0.27387244
6363,0,1,0.542723188631479,1,0.6053693
5718,1,1,0.624961633372145,1,0.69961214
6185,0,0,0.30451784329782017,0,0.3623055
4513,1,0,0.00988594466654214,0,0.0028552292
2709,0,0,0.3805665208324007,1,0.6852223
3664,0,0,0.3231448060316364,0,0.3083166
6331,0,0,0.03216785976306879,0,0.05110313
2664,0,0,0.08947961213339092,0,0.022204122
3723,0,0,0.07955510923954011,0,0.05454675
4226,1,1,0.7480981646102771,1,0.7921506
5655,0,0,0.006517717642981897,0,0.0038593763
868,1,0,0.18822213158717313,0,0.1877351
4722,0,0,0.030396092762452278,0,0.02015452
3069,0,0,0.18111182948162635,0,0.08466567
1802,0,0,0.07831397973291288,0,0.011131961
2687,0,0,0.3792561423339473,0,0.15221915
5700,0,1,0.5199597957220782,0,0.48662493
5218,0,0,0.168660341674535,0,0.025994455
3693,0,0,0.06925809695704235,0,0.053890754
1154,0,0,0.012472863126905674,0,0.021888243
5571,0,0,0.11793982021188351,0,0.18823887
6875,0,0,0.003094174858667504,0,0.007622876
6519,0,0,0.1741678543863051,0,0.15806651
113,1,1,0.5243622161237214,1,0.576885
2506,0,0,0.0037550757693052424,0,0.00070759474
2217,0,0,0.010796922396560748,0,0.012952951
2753,1,1,0.7104108035764433,1,0.9003791
1105,0,1,0.7016815171547686,1,0.6201483
376,0,0,0.48549128609290754,1,0.549817
1401,1,1,0.6776996219814834,1,0.8878647
6344,1,0,0.4236813345301373,0,0.45087487
6852,0,0,0.07006289523146526,0,0.089566
5635,0,0,0.22186020871217024,0,0.14231881
5877,1,0,0.20442505583118153,0,0.21068712
1245,0,1,0.6964314251805481,0,0.4802208
6022,0,0,0.11348802589967684,0,0.050332762
5927,0,0,0.008765229922306963,0,0.013298443
5924,0,0,0.0027436035776514434,0,0.0023916229
4570,0,0,0.21024055885980922,0,0.055197082
1992,0,1,0.5981648078684603,1,0.5305289
2499,0,0,0.03469239686611852,0,0.019842219
6628,0,0,0.4897787447560967,1,0.5856444
1446,0,1,0.5334273383274456,0,0.42727217
3836,0,0,0.021613402470954102,0,0.021057744
5610,1,1,0.7436725637836306,1,0.76433015
3031,1,0,0.3305747445511049,0,0.32818335
1143,0,0,0.22473455237101267,0,0.18944257
469,1,0,0.31719422212879644,0,0.32356173
4227,0,0,0.006970323975760907,0,0.0073758974
3536,0,1,0.6608856716195138,1,0.92909366
6445,0,1,0.6204035219129519,0,0.34047315
3090,1,1,0.502900274776134,1,0.6333035
3537,0,0,0.06815730698899788,0,0.07373941
6847,0,0,0.22258828713559994,0,0.20282173
6656,0,0,0.008349256814546778,0,0.008830929
2760,0,0,0.0475173250045141,0,0.007178027
3682,1,1,0.7090031239279008,1,0.9421363
4933,0,0,0.45163369902186545,0,0.3835176
3312,0,0,0.19168208313827434,0,0.2000719
5003,1,1,0.6535505649497811,1,0.5687926
3448,1,0,0.2307374896221403,0,0.14078611
654,1,0,0.21167040761905145,0,0.15803538
2493,0,1,0.7388480080284903,1,0.89121825
4216,0,0,0.011669563918974014,0,0.002609342
5721,0,0,0.026829922394181787,0,0.006932257
2888,1,1,0.6810187171457729,1,0.7923613
3099,0,0,0.05321153830780732,0,0.024060013
2742,0,0,0.006575300827804271,0,0.001428741
4781,0,0,0.0051837335324715185,0,0.093111426
7024,0,0,0.2562085592114288,0,0.2443054
2982,0,0,0.012034743660508884,0,0.030074019
3547,0,0,0.01414683126985761,0,0.041331027
4275,0,0,0.3078646726445693,0,0.22523282
3803,1,0,0.0955854271235723,0,0.052877277
3287,1,0,0.4546059913691327,0,0.4725738
164,0,0,0.056455497127583874,0,0.06097956
2868,0,1,0.5286620155948674,1,0.530327
1546,0,0,0.003746548390747434,0,0.01914017
5943,1,1,0.7430122558475284,1,0.8813983
6393,0,0,0.4150253391617229,1,0.66254586
4139,0,1,0.6024390181619514,1,0.5684432
6898,0,0,0.32937174158014676,1,0.55982774
6974,0,0,0.36964631361215133,0,0.19113894
5412,0,0,0.10310900288912545,0,0.027400248
5066,0,0,0.05516279768990322,0,0.057517897
936,0,0,0.11535442055203836,0,0.0110114
5119,0,1,0.5078774981025083,1,0.5088866
3906,1,1,0.6784655154129638,1,0.92742455
3394,0,0,0.09583428872591773,0,0.07116816
2650,0,0,0.4595412897312718,0,0.27756968
3763,1,1,0.7340973130834079,1,0.69821733
4733,0,0,0.4757737417223256,0,0.41995224
6339,1,0,0.30271673042825276,0,0.33132508
4390,0,0,0.10247785804153396,0,0.07734424
2919,0,0,0.0436317352535002,0,0.029063787
5592,0,0,0.03493811265497018,0,0.009063063
1738,0,0,0.08111059455128536,0,0.04985286
866,0,0,0.02278100882673836,0,0.0125738075
700,0,0,0.02410054838802384,0,0.0060104607
3905,1,0,0.4891145251604194,0,0.43733937
1289,0,0,0.01347384119830548,0,0.01184929
2568,0,0,0.026205395404280116,0,0.010212534
2783,0,0,0.397224922717032,0,0.30049732
1775,0,0,0.11281713737276083,1,0.55866414
2729,1,1,0.7896421191819964,1,0.8915179
4061,0,0,0.16361058368434617,0,0.12069376
1586,0,0,0.05334739494455542,0,0.28186455
5551,0,0,0.11475796785416904,0,0.08734848
2333,0,0,0.026504706545097487,0,0.038661063
405,0,0,0.0031643846132679695,0,0.0005794245
3067,1,1,0.6871635945171792,1,0.7048773
163,0,0,0.030579283018642284,0,0.0040016747
3834,1,0,0.04075582896952929,0,0.032255325
3679,1,0,0.2564309270668226,1,0.6711229
3762,0,0,0.45731581866366106,1,0.5931058
6740,1,0,0.2207361363947117,1,0.547328
2899,0,0,0.007374330182201573,0,0.0038043659
6727,0,1,0.5865508618861982,1,0.61155766
4267,0,0,0.01705809876417977,0,0.0015968774
3449,0,0,0.1612396408299009,0,0.05032694
6872,0,0,0.06401091424219106,0,0.010342721
3781,0,0,0.032149212334627794,0,0.0013538225
2604,0,1,0.5002816060717061,0,0.40863156
1878,0,0,0.21912589153712653,0,0.16768242
2999,0,0,0.0782501605958363,0,0.041147083
6181,0,0,0.2751970477583401,1,0.7826012
3658,0,0,0.25796716783634643,0,0.38481796
4838,0,0,0.14365209589923444,0,0.069515124
1104,0,0,0.025955428490518132,0,0.007321572
5706,1,1,0.6607536874845649,1,0.93193275
2350,0,1,0.7782596795359032,1,0.78935015
5642,0,0,0.047051059460160014,0,0.021072458
2517,1,1,0.6569997053441983,1,0.9022826
4705,0,1,0.5330388987676986,1,0.5421377
38,1,1,0.6181482537501283,1,0.65884155
1975,0,0,0.024344957339141802,0,0.006537955
603,0,0,0.13442162810458785,0,0.22996697
2305,0,0,0.4913350167724426,1,0.53477514
6779,0,0,0.11252917802752599,0,0.07348356
4932,0,0,0.13255472697834805,0,0.07532514
849,0,0,0.009062599238967833,0,0.0012580132
3720,0,0,0.06186455491909652,0,0.11806524
126,1,1,0.6055228064054118,1,0.552988
4415,0,0,0.013024332731589466,0,0.0037674159
4638,1,1,0.7507301427693391,1,0.76102155
3550,1,1,0.515627914913494,0,0.3824176
3006,1,1,0.7048250178281289,1,0.6023444
3907,0,0,0.367076614179413,0,0.25966617
4870,0,0,0.03666622384273838,0,0.048139382
3845,1,1,0.678771122401988,1,0.6474456
262,0,0,0.4117286085152192,0,0.22371407
4871,0,0,0.03677876646398,0,0.054847848
6902,0,0,0.029959706027260207,0,0.023041504
192,0,0,0.0020573239077290263,0,0.004144175
6220,0,0,0.05603828470772134,0,0.009328873
3306,0,1,0.50840391845971,1,0.6445233
1798,0,0,0.03139568043815224,0,0.011419276
3371,1,0,0.1486310426925855,0,0.064162254
1517,0,0,0.25968713368539986,0,0.4488109
4438,0,0,0.010272117196804351,0,0.022368174
4912,1,1,0.506442734402206,0,0.3075413
3242,0,0,0.039583354192819574,0,0.0074487496
2993,0,0,0.08818761363885064,0,0.037873995
2168,1,1,0.6959736406032289,1,0.7162088
6637,0,0,0.015168830124818237,0,0.01570651
4078,1,0,0.075576554271004,0,0.09315017
6655,0,0,0.005173373918232309,0,0.0041196016
3711,0,0,0.02990074178567474,0,0.026992068
3960,0,0,0.45638257025547035,0,0.41088772
904,0,0,0.009907498165385088,0,0.025602195
4898,1,1,0.5346282714903778,0,0.4996143
128,0,0,0.19301853239301656,0,0.30512902
3726,1,1,0.5402586012703131,0,0.37904176
4186,0,0,0.12209391466818792,0,0.04911412
5222,0,0,0.28288311850724634,0,0.10117789
3703,0,0,0.062006828641370804,0,0.031236498
5311,1,0,0.15180926008130155,0,0.10435677
4017,0,0,0.0769885150495413,0,0.011760406
6490,0,0,0.03698982117287277,0,0.012950507
2222,0,0,0.48297982490440705,0,0.47064707
5415,0,0,0.4187854381111604,0,0.4732796
2962,1,0,0.4050818689013514,0,0.338921
5631,0,0,0.4699303887057637,0,0.49135563
6577,0,0,0.012680900614154653,0,0.037010867
6429,0,0,0.01403553382534734,0,0.041429576
3982,0,0,0.002842892061273559,0,0.0009643138
1893,0,0,0.31933489541900667,0,0.2586637
5302,0,0,0.3063937571609445,0,0.18738389
383,1,1,0.6858426293056202,1,0.8969271
3227,0,0,0.3401095893794372,0,0.18411432
6137,1,0,0.15830881147597117,0,0.24683662
5105,1,0,0.22252242663070573,0,0.21696356
277,0,0,0.22492444653011773,0,0.22438718
3936,0,0,0.23456673155026778,0,0.07667045
5029,0,0,0.2749432627990214,0,0.19499749
2558,0,0,0.02061305406660667,0,0.0063768085
6434,1,1,0.5064177373622218,1,0.72443336
2447,0,1,0.6520944319411054,1,0.57048136
4862,1,1,0.6909421171392721,1,0.6441999
3401,0,0,0.006584434461510781,0,0.06415236
4355,0,0,0.4478477299854506,0,0.3985714
1768,0,0,0.02746487696922134,0,0.0488243
2508,0,0,0.08479214140876476,0,0.021018839
3955,0,0,0.4906977233708531,0,0.2469405
717,0,1,0.5035750339110444,0,0.4269395
3346,0,1,0.817293238654964,1,0.9061418
1171,1,0,0.22327684495550207,0,0.22938398
4630,0,0,0.1523833812510508,0,0.15699877
1703,0,0,0.41375022903700887,0,0.2368392
2457,0,0,0.20986094162061675,0,0.12154739
3350,1,0,0.4446386200290861,1,0.5399305
5149,0,0,0.004777611031995546,0,0.011270562
2012,1,0,0.36362331543776416,0,0.38080192
265,0,0,0.01436551991374748,0,0.0007762083
1206,0,1,0.6855717858189739,1,0.56588876
2763,0,0,0.0864855483602102,0,0.15147033
3822,0,1,0.6200739146655763,1,0.8810237
2550,0,0,0.0039538260748261155,0,0.010442411
5122,0,0,0.1161879417789883,0,0.036930956
4521,0,0,0.1253274303950182,0,0.1354266
1834,1,0,0.46182439031698,1,0.7267318
3708,0,0,0.03783357556076679,0,0.007073136
1114,0,1,0.5445841194841666,1,0.55828846
3081,1,1,0.6595081354826787,1,0.61673284
5871,1,0,0.21242820256050726,0,0.05263317
5999,0,0,0.19994451413222944,0,0.20126496
3534,1,0,0.10144810003501695,0,0.09815737
4640,1,1,0.6617674859744553,1,0.8536743
5102,0,0,0.05618733750023125,0,0.00343722
7023,0,0,0.46707828717251687,0,0.23477115
4393,1,1,0.677375556856109,1,0.5076993
6985,0,0,0.06989209295062228,0,0.09645375
5433,0,0,0.1431979036122656,0,0.16613945
6603,0,0,0.34089593547921887,0,0.1647336
5838,0,0,0.06942906077908648,0,0.12310215
2181,0,0,0.06566342819905126,0,0.12835787
1630,0,1,0.6477669982617159,0,0.4968814
4448,1,1,0.678031814906445,1,0.62851864
5507,0,0,0.06827400448315367,0,0.045409564
5884,1,0,0.1126049790783723,0,0.2609324
7000,0,0,0.007623326725136513,0,0.011775169
1861,1,0,0.3444187318088613,1,0.5174941
4100,0,0,0.009170538642893388,0,0.018890519
5379,0,0,0.2528327861723527,0,0.1630694
6107,0,0,0.1925317323077759,1,0.5654747
4603,0,0,0.28530908619259204,0,0.34897262
2816,0,0,0.10571077333019098,0,0.003448689
2894,1,0,0.025865534505030197,0,0.035440866
4750,0,0,0.1536338161341654,0,0.13206579
3162,0,0,0.38329305021235144,0,0.07244044
3088,0,0,0.018323422265759295,0,0.003743731
560,0,0,0.25236579950977894,0,0.26634076
701,0,0,0.4881086337351298,0,0.4656538
5789,0,0,0.017920465003035558,0,0.027167082
3064,0,1,0.5469563647035055,1,0.5432642
3649,0,0,0.002684156627049739,0,0.0013367509
5826,1,1,0.6747263444144685,1,0.92587644
1292,0,0,0.02158367145127759,0,0.00465272
2522,0,0,0.07284662578744217,0,0.17980596
6362,0,1,0.6891154336430223,1,0.72967196
2254,0,0,0.03039345917315834,0,0.0025073814
3632,0,1,0.5182541921781306,0,0.33311284
6184,0,0,0.1686756628616699,0,0.18049191
4678,1,1,0.7246165843801371,1,0.8929313
4556,1,1,0.7052234607973226,1,0.54815
4121,1,1,0.6362056120355412,0,0.4827653
3411,1,1,0.543144627550867,1,0.68887585
2244,1,0,0.0554573043990452,0,0.017713834
5905,0,1,0.7157470868124949,1,0.8688552
2460,0,0,0.005680659613661428,0,0.0050265654
7008,1,1,0.6921021226517693,1,0.7466597
2221,0,0,0.0029816906615466395,0,0.0023163478
2978,0,0,0.3928197691524909,0,0.2668477
517,0,1,0.6223934747344919,0,0.47518602
4343,1,1,0.7391304713578197,1,0.78038085
6954,0,0,0.15454519001238948,0,0.1871435
1595,1,1,0.6941470218618241,1,0.5801053
2565,0,0,0.04983935269330431,0,0.012040533
1631,1,0,0.4899121825964107,1,0.52177805
2964,0,0,0.12450750382316998,0,0.12820418
6584,0,0,0.0047473189317251835,0,0.0037785177
2791,0,0,0.028727896430066426,0,0.0063791624
6864,1,1,0.5714310171681395,1,0.6511538
3463,0,0,0.4665518613311557,0,0.16649911
6309,0,0,0.0033076970634741206,0,0.0018652491
699,0,0,0.00687135298044857,0,0.006391185
4693,0,0,0.006050774412025338,0,0.016634561
5661,0,0,0.2907213944294066,0,0.23129061
3628,0,0,0.2467605103282439,0,0.1532515
5627,0,1,0.7542830443773734,1,0.7467361
6315,0,0,0.01827062123068633,0,0.012784319
5107,0,0,0.12393215000127863,0,0.22605044
3154,0,1,0.5964832151489239,0,0.4225945
6948,0,0,0.1844944465373167,0,0.2042482
2773,0,0,0.3190559173371929,0,0.44109988
4455,1,0,0.42424270994150654,1,0.6662555
6377,1,0,0.4992775529214966,0,0.30630335
6251,0,0,0.20756270081372513,0,0.35507455
384,0,0,0.16381860797822878,0,0.32854936
2672,0,0,0.032851751352740856,0,0.0063769775
2805,0,0,0.005523075457210101,0,0.005578505
5465,0,0,0.10865214818432037,0,0.06048404
6023,0,0,0.0063513339573063885,0,0.022847395
6322,1,1,0.7297515962370961,1,0.700047
1782,0,0,0.3578594692970027,0,0.13156074
3742,0,0,0.3199889724975028,0,0.36044618
2341,0,0,0.0415616710423888,0,0.07992188
5524,0,0,0.00928829804868489,0,0.009811605
3197,1,0,0.1570003445569248,0,0.18805178
2880,0,1,0.5947485952916679,1,0.5312639
2172,0,0,0.3278028763096167,0,0.35369647
4039,0,1,0.8113550110595068,1,0.8867107
5049,1,0,0.23907899596632773,0,0.3519778
4132,1,1,0.5206402065895995,1,0.5115538
4669,0,0,0.006258761978647529,0,0.0087071685
5173,0,0,0.3493001708213494,0,0.41569477
3706,0,0,0.4212999042222002,0,0.24932134
2789,0,1,0.5526348569051579,0,0.46272862
6965,0,0,0.1378091022807432,0,0.046854764
2603,0,0,0.07850472226427883,0,0.0040359646
5520,0,0,0.10645386790807612,0,0.032733034
4464,1,0,0.32150891934601106,0,0.2630617
861,0,0,0.03777339430154852,0,0.060021084
4307,1,1,0.663422909867744,1,0.70392346
3814,0,0,0.01623137672428321,0,0.0010345702
2381,0,0,0.0708785140303149,0,0.027994076
3899,0,0,0.45013569656743435,0,0.38969347
3392,0,0,0.03000077650284015,0,0.046737343
2819,0,0,0.2615663034971995,0,0.39948663
3896,0,0,0.01705108442820349,0,0.0072009945
967,0,0,0.14609473367281756,0,0.10897252
1468,0,0,0.11405969849927328,0,0.055055093
1044,0,0,0.08016365047454908,0,0.07838805
4576,0,0,0.11767736136082292,0,0.21857327
1523,0,0,0.29500333211306484,0,0.24092972
3142,1,0,0.19289674464620618,0,0.30512902
6435,0,0,0.018445285185434594,0,0.0077063306
4505,0,0,0.00490392640430224,0,0.001361245
2043,0,1,0.5297936273903942,0,0.44670486
4596,0,0,0.4344397958479972,0,0.15360026
4721,1,0,0.19180328624072987,0,0.20429455
1566,0,0,0.018176944284866624,0,0.022780169
4362,0,0,0.011769347750097046,0,0.011720302
2702,0,0,0.4301281072312751,0,0.40971848
250,0,0,0.15277354298126727,0,0.2164026
4824,0,0,0.18837862124195204,0,0.027076745
4506,0,0,0.012291293457882805,0,0.0099807335
4234,0,0,0.05640792944273751,0,0.003397153
3678,0,0,0.23086534800774633,0,0.20140122
2759,0,0,0.18261148880151687,0,0.2578512
1366,1,1,0.7518116644441595,1,0.8008173
1345,0,0,0.25932593915472246,1,0.52587783
6175,0,0,0.21203913400668128,0,0.111942485
1956,0,0,0.04797846442237914,0,0.007408706
1441,0,0,0.24501760693634814,0,0.32511184
1467,0,0,0.21450125174504575,0,0.030387003
6967,1,1,0.6517735010130413,1,0.74287295
2440,0,0,0.058504053792330646,0,0.1508417
2210,0,0,0.08369838763413218,0,0.07930992
6115,0,0,0.029128963965563595,0,0.0033654065
1333,0,0,0.037033102654178036,0,0.0054452447
2451,1,0,0.2649834518816251,0,0.2380847
6384,0,0,0.0729058004708117,0,0.035477888
527,0,0,0.10481111689838325,0,0.02826946
5839,0,1,0.7546472363594651,1,0.74722713
3743,1,0,0.2590837055133793,0,0.29268575
3441,0,0,0.04630533979357926,0,0.029210404
5819,0,0,0.045542601542763676,0,0.034782324
6763,0,0,0.02954055633225685,0,0.025752524
4144,0,0,0.4868877982114011,1,0.79886764
2949,0,0,0.01901991891815404,0,0.020612093
5344,0,0,0.006475104932134553,0,0.0021599478
1346,1,1,0.6835349011807217,1,0.5191412
4543,0,0,0.014348266101914104,0,0.0069045443
945,1,1,0.5818236173726768,1,0.70132565
6433,0,0,0.0032691315922882495,0,0.0039058696
4162,0,0,0.007907408611246216,0,0.001895138
5728,1,0,0.4542686766173842,1,0.7569988
821,0,0,0.0266549331244676,0,0.008705518
4849,0,0,0.2253487077334434,0,0.26339948
5860,1,1,0.5179217566685652,1,0.5160264
5778,0,0,0.17269578508726738,0,0.20608793
4466,1,1,0.7322135107413619,1,0.70014334
6761,0,0,0.25702786296298324,1,0.67025757
1875,0,0,0.05141054817260643,0,0.0026818898
49,0,0,0.007162057245777531,0,0.0066732094
2237,0,0,0.1507375914819122,0,0.116876684
2435,0,0,0.2919057033492826,0,0.19720522
3482,0,0,0.26360376935901336,0,0.21062091
3928,0,1,0.590402210222438,0,0.41248465
6804,0,0,0.49739869033517503,1,0.5689675
6701,0,0,0.21411959059994295,0,0.09573048
4877,0,0,0.040248954032710886,0,0.075394355
1187,0,0,0.08732212930898467,0,0.03684098
4823,1,0,0.329974408804851,0,0.37351388
5406,0,0,0.0900915198495569,0,0.026444571
4403,0,0,0.12029096606809866,0,0.07448044
4512,0,0,0.019210892322307802,0,0.07482617
3202,0,1,0.5731217809533435,1,0.76915926
5812,1,1,0.6582576447310903,1,0.8235533
4382,0,0,0.42582807905031445,1,0.5037597
1179,0,0,0.44105330219085465,0,0.3983495
6659,0,0,0.011665289542049994,0,0.001534679
746,0,0,0.049799664750303556,0,0.0039741835
7041,1,1,0.7169960487264716,1,0.7362091
4300,0,0,0.04971605524875246,0,0.056397162
3380,1,1,0.8551512384715229,1,0.92410934
1151,0,0,0.24450564633209035,0,0.100268595
5019,0,1,0.7951724703641168,1,0.64898455
5177,1,1,0.6139274531250556,1,0.69202673
3579,0,0,0.4144247791017584,0,0.4316007
6369,0,0,0.07004327864714813,0,0.0699605
3419,0,0,0.03451884496679473,0,0.004406997
5219,0,0,0.1909560915027273,0,0.36950684
3934,0,0,0.08783688102719152,0,0.03399959
4386,1,0,0.005446046631327625,0,0.0045936173
5581,1,0,0.07171140991900349,0,0.04434064
2282,1,0,0.3398481939721691,0,0.47704232
4327,0,1,0.5841845259120888,1,0.5339866
4589,0,0,0.031948573504916686,0,0.0069002425
3753,0,0,0.3980856217929504,0,0.31395382
552,0,0,0.004063605817511159,0,0.06607383
5444,0,0,0.461427678625959,1,0.57395995
1567,0,0,0.4445390891792002,0,0.16309735
2926,0,0,0.08480911093739303,0,0.041702572
4585,1,1,0.8190557196577603,1,0.9455993
2627,0,0,0.017012378610343028,0,0.06974004
1728,0,0,0.020266927575368274,0,0.0071336343
4443,0,0,0.3486691057497473,0,0.41500863
1727,0,0,0.26442133027458237,0,0.14149237
6143,0,0,0.014439795412650683,0,0.003950948
618,0,0,0.1277891799760536,0,0.025658581
2510,1,1,0.7036095463291093,1,0.8423377
2161,1,1,0.6835133148741968,1,0.72614276
3085,1,1,0.7222256570802839,1,0.7798643
3922,0,0,0.3509881469740056,0,0.48436835
6544,1,1,0.5054285043544375,1,0.68726116
4256,0,0,0.005323215592452871,0,0.0031723042
4320,0,0,0.006770879235983529,0,0.009678073
5057,0,1,0.7093602429521463,1,0.6757989
216,0,0,0.0036711354845719336,0,0.00084455626
3228,0,0,0.28935695433893327,0,0.114371255
267,0,0,0.4211219427519625,1,0.7813864
64,1,1,0.7301140741958877,1,0.72899526
449,0,0,0.02086938713634235,0,0.0056584594
4845,0,0,0.05009890744717822,0,0.011925525
6585,0,0,0.013576314472095922,0,0.006301805
3201,0,0,0.047871309344020306,0,0.00433873
2796,0,0,0.2605505220490594,0,0.076382816
507,1,1,0.7210433266594101,1,0.66508144
5402,0,0,0.03322478229554274,0,0.006765392
2990,1,1,0.5415407394113261,0,0.43165967
968,0,0,0.0054791131673185434,0,0.0019286391
3047,1,0,0.30677413701101847,0,0.48669496
6894,1,1,0.8169186442822415,1,0.9501105
2776,1,0,0.4883132337173042,1,0.5840373
4308,0,0,0.41894974293875914,0,0.3506639
4815,1,0,0.1829603632286167,0,0.06405784
1688,0,0,0.010107208196988309,0,0.002911374
5745,0,0,0.006489659186638498,0,0.0037750725
4373,0,0,0.030837409417762963,0,0.012437044
6680,1,0,0.06021646851096808,0,0.027071066
650,1,1,0.6023890254834481,0,0.46678022
2731,0,0,0.19149240140161905,0,0.08843468
4847,1,1,0.5186644667720053,1,0.57090104
6081,0,0,0.31793969292808166,0,0.4087846
2086,1,1,0.5001702544273082,0,0.42037952
5179,1,1,0.5212328027048287,0,0.24041638
6879,0,1,0.5225536207856647,0,0.44717824
4665,0,0,0.006104596646612525,0,0.0016663634
2505,0,0,0.027560789321572243,0,0.012861157
5364,1,1,0.5989497581247949,0,0.31995597
6182,0,0,0.009402678701007028,0,0.0010701754
284,1,0,0.47901823335466165,0,0.30743715
6718,1,1,0.6012833827753696,1,0.6261995
1383,1,0,0.48999495681940824,1,0.50351226
5430,1,1,0.5170036649498221,0,0.29778114
4087,0,0,0.1822699728845186,0,0.12658286
213,0,0,0.034436498617511635,0,0.017101718
1389,1,1,0.5899798636639334,1,0.54379857
6365,1,1,0.823154060279856,1,0.86722803
5268,0,0,0.011988801831043344,0,0.023723572
4015,0,0,0.05742996003700453,0,0.005727031
2293,0,0,0.01657758930719465,0,0.004423432
1699,0,0,0.025637103019488423,0,0.007189178
249,0,0,0.258550061151777,0,0.1899208
6416,0,0,0.013690944191678467,0,0.12599711
5533,0,1,0.6843765473098419,1,0.6031046
6284,0,1,0.7327490734856071,1,0.57323885
4651,1,0,0.45609923176174716,0,0.23740724
5681,0,0,0.06886437352929398,0,0.047380976
2631,1,1,0.8281798328248251,1,0.9562719
3024,0,0,0.11581866816403645,0,0.06611268
175,0,0,0.08905671366504697,0,0.02129211
1144,1,1,0.699384659777954,1,0.8528091
2785,0,0,0.2141348652038429,0,0.21197772
4737,0,0,0.053528546295414065,0,0.0035627831
1458,1,0,0.24361553682835493,0,0.3193178
1420,0,0,0.44633246010175825,1,0.5491527
170,0,0,0.08779628489214898,0,0.04891986
5878,0,0,0.09648555173387391,0,0.05577993
2080,0,0,0.025048846988015697,0,0.0027723599
779,1,0,0.4151117676594626,0,0.48556876
6356,0,0,0.4872559940964666,1,0.74364114
1073,1,1,0.741963625567775,1,0.94508785
5694,0,0,0.07234454415719903,0,0.022778565
4579,0,1,0.5077884991996449,1,0.5841221
3305,0,1,0.5801718932298294,1,0.5492127
1398,0,0,0.40366520373024,0,0.44663683
1305,0,0,0.2422160423125615,0,0.06556023
5212,0,0,0.005042444866338343,0,0.0014927314
4667,0,0,0.08552364817820997,0,0.046520278
6447,0,0,0.026980708386795622,0,0.0075240503
582,1,1,0.8003696197502354,1,0.8281875
631,0,0,0.07317354625456633,0,0.10644742
1377,0,0,0.006344409789972575,0,0.0012893166
1770,1,1,0.5132321330037094,1,0.7537125
3476,0,0,0.25000760792577204,0,0.16207908
6665,0,0,0.08507545958805704,0,0.25310686
2142,0,0,0.07544052515777043,0,0.057751514
1216,0,0,0.003998079708874064,0,0.015761176
4982,1,0,0.23721419308211725,0,0.11472734
5954,0,0,0.21624370074365637,0,0.372442
2684,0,0,0.1411701045243719,1,0.68121535
2296,0,0,0.4614356584420157,1,0.7267318
2665,0,0,0.21018386541631714,0,0.08238137
6678,0,0,0.01936639415034828,0,0.0060884543
1772,1,1,0.6701079116935258,1,0.70647085
2771,0,0,0.24774987617883742,0,0.12536491
3065,0,0,0.4382750920551236,1,0.6402494
3461,0,0,0.040488396525982635,0,0.113297835
954,0,1,0.7340509933554735,1,0.69260633
1001,1,1,0.6035526824181892,0,0.47963312
1607,1,0,0.4971644370478015,1,0.5651706
4674,0,0,0.0737829982100692,0,0.011771944
652,0,0,0.010466961064610631,0,0.0025355925
3472,0,0,0.4171375570527897,0,0.44483587
6866,1,1,0.8325390429624322,1,0.9347707
2036,0,1,0.7248862479389527,1,0.8087
1059,1,1,0.5770857553948183,1,0.5404108
2954,1,1,0.560072539069961,1,0.6070515
5044,0,0,0.4460061369302638,1,0.7063047
4743,0,0,0.018394432113346425,0,0.016028838
6595,0,0,0.019620088838180914,0,0.012825826
1284,0,0,0.0035646123204915053,0,0.011541067
4994,1,1,0.5923996862558641,1,0.716868
5453,0,0,0.009095131637304613,0,0.0013974647
4658,0,0,0.289118704300983,0,0.19059877
4491,0,0,0.23778066212093055,0,0.2617366
139,1,1,0.6690696889102379,1,0.71739
5103,0,0,0.19072053480141077,0,0.15318882
6466,0,0,0.4833089061165594,0,0.1488019
2651,1,1,0.6552915840533643,0,0.48539522
303,0,0,0.012886203370576584,0,0.0021431749
2308,0,0,0.0756646216339442,0,0.05094985
4280,0,0,0.003828318065189903,0,0.011410101
4934,0,0,0.09562337562353392,0,0.0030682175
6101,0,0,0.046925234137145166,0,0.12144244
6132,0,0,0.09259750910539905,0,0.029238543
1296,0,0,0.4623353729876269,0,0.27637607
6906,0,0,0.02331881021244511,0,0.004231469
1750,0,0,0.07089059618899525,0,0.008120993
1583,0,0,0.3853319721016938,0,0.28409398
5806,1,0,0.2609017601980134,0,0.1746648
2423,0,0,0.051350400450601935,0,0.02339556
6345,0,0,0.4578313427472739,1,0.5705663
6043,1,1,0.6032412600804615,1,0.75165004
1207,0,0,0.3108074457963192,0,0.16633931
1739,1,1,0.7064147121553666,1,0.86519367
3508,0,0,0.054838629163745135,0,0.046772055
1664,1,0,0.3823054638915206,0,0.39706624
5854,0,0,0.3760529873870473,0,0.3500865
5756,0,0,0.005043732635735486,0,0.03582066
6088,1,1,0.5672125725023202,1,0.7626878
4148,0,0,0.05572145674737392,0,0.1016384
2464,1,1,0.7516607263665892,1,0.9457381
324,0,0,0.01599307591944691,0,0.0032867892
6530,0,0,0.016707525326020777,0,0.014581387
3512,0,0,0.01796720507054739,0,0.034462996
6485,0,0,0.12619315683600596,0,0.019916084
503,0,0,0.10227871314416388,0,0.16177881
1119,0,0,0.009866548390213647,0,0.010082935
5692,0,0,0.15790815286628684,0,0.09766484
1867,1,1,0.619051335236905,1,0.5116738
5572,0,0,0.013584515797002502,0,0.12429422
2150,0,1,0.6823932021301335,1,0.6085528
1439,1,1,0.5974806770677893,0,0.4516621
4554,0,0,0.3701465222715782,0,0.33298546
5319,0,0,0.07445611335366185,0,0.0036872765
1824,0,0,0.0018031742309323195,0,0.0008325458
6273,1,1,0.7222811079189903,1,0.52836597
2081,0,0,0.3647843655368117,0,0.2646946
3630,1,0,0.15744978483064037,0,0.12709096
554,1,0,0.4022114797342684,0,0.40650922
6160,0,0,0.09419395781411767,0,0.05657947
6977,0,0,0.21354743579366092,0,0.14074051
5000,0,0,0.2889674774068281,0,0.21385889
2234,0,0,0.0385798136770209,0,0.0044724373
87,0,0,0.005413644510022986,0,0.008383767
1777,0,0,0.184947072579038,0,0.05210084
674,1,0,0.2794029915572075,0,0.4411103
3885,0,1,0.7449840649004723,1,0.7659496
2156,1,1,0.6618760585241031,1,0.6627776
5691,0,0,0.09416922728945469,0,0.03202238
36,1,1,0.6759540503718816,0,0.47383654
1731,1,1,0.7323336041524917,1,0.9537028
4301,0,0,0.003768382688713194,0,0.0060911556
325,0,0,0.3185455444711284,0,0.24250925
893,1,1,0.560202326997387,0,0.49884716
6939,0,0,0.20115255330197437,0,0.07938575
1443,0,0,0.32718919563864385,0,0.33414194
617,0,0,0.18467772865753387,0,0.3498619
5262,0,0,0.02461869497779486,0,0.02263505
2199,0,0,0.006862938016362381,0,0.012586786
5110,0,1,0.7185784298573924,1,0.7145263
1166,0,0,0.4459924154183088,0,0.3498755
2748,1,1,0.7235045665050165,1,0.763211
3056,0,0,0.020159552241855193,0,0.007982348
2021,0,0,0.030587878989416367,0,0.02445557
5858,0,0,0.007167080395664245,0,0.029610714
522,0,0,0.22120638045774918,0,0.27588695
6564,0,0,0.15119065926685576,0,0.09629902
979,0,0,0.03506265789782496,0,0.03083421
6,0,0,0.4853565102876653,0,0.39068708
4474,0,0,0.02719926586960369,0,0.014559649
2206,1,0,0.33785545008154155,0,0.24740419
2874,0,0,0.0031059609009278437,0,0.0073878644
3152,0,0,0.172246218399656,0,0.12421811
6147,0,0,0.17410838059560138,0,0.20128334
6110,0,0,0.29894030113872955,0,0.19741316
3544,1,0,0.4955445615222532,0,0.3152068
2473,0,0,0.13142599377232286,0,0.1462015
1117,0,0,0.12322710829623687,0,0.04476378
2011,0,0,0.09784223211927062,0,0.112236425
6972,1,0,0.2820837577468197,0,0.107493274
2479,0,0,0.014835927461765886,0,0.0043638404
1926,1,1,0.5051564970815322,1,0.687437
3644,0,0,0.012055342752527782,0,0.018971987
2877,1,0,0.38315078023006394,0,0.49567398
6522,0,0,0.06353902295856298,0,0.1423083
2179,0,0,0.11790815993426076,0,0.047039375
4593,0,0,0.12098082080104852,0,0.108212695
852,0,0,0.23367785736978736,0,0.16293097
5628,1,1,0.5963131995403713,1,0.7612133
6097,0,0,0.006160501068282591,0,0.0010553789
4879,0,0,0.08713482416875944,0,0.1330388
807,0,0,0.058244194194692886,1,0.55623823
5787,1,0,0.4037914376294437,0,0.3413863
4925,0,0,0.1371247283281873,0,0.042108852
581,1,0,0.43624438314931946,1,0.5342063
1412,1,1,0.6545090598934497,0,0.4704699
1462,0,0,0.023671057615776057,0,0.005786459
4710,0,0,0.08077655512858782,0,0.015512114
1544,0,0,0.1984797894896688,0,0.059215937
1730,1,1,0.6426692327335011,1,0.7475553
5423,1,1,0.6662248070589337,0,0.3813174
4175,0,0,0.0061542547773014,0,0.008854428
3966,0,0,0.04252190228926598,0,0.0037794956
2772,0,0,0.006844875099538869,0,0.030569449
5881,0,0,0.07752248112192568,0,0.078641325
1815,0,0,0.0021750154956280353,0,0.00043182104
5115,0,0,0.010458959176061385,0,0.0034393505
4995,1,1,0.6375490576169737,1,0.7209168
177,1,0,0.4001223606794081,0,0.34640834
4004,0,0,0.007903787194582413,0,0.0027138987
959,0,0,0.42787162428889663,1,0.5098686
1115,0,0,0.03984871246819803,0,0.040148385
1573,0,0,0.1408633675254335,0,0.13785388
3525,1,0,0.47996657951529104,1,0.5155003
2227,0,0,0.013858500781318965,0,0.17063104
6454,0,0,0.26179024852327915,0,0.36373025
935,0,1,0.8112322093369463,1,0.8142034
4430,0,0,0.044868472386240525,0,0.10442418
4325,0,0,0.17481003607404755,0,0.27195945
3365,0,0,0.026644067457775273,0,0.008790079
4577,0,0,0.253864911194556,0,0.24914028
1286,0,0,0.2013805620370705,0,0.13196798
595,1,0,0.2375508807212507,0,0.1919637
481,1,0,0.13089857333440588,0,0.12807076
74,0,0,0.23219773955041367,0,0.13956843
2099,0,0,0.2910842703102305,0,0.34202898
3940,0,0,0.3636222642291279,0,0.25744793
5662,1,1,0.7007336798242408,1,0.76200116
6300,0,0,0.005009543542241176,0,0.0020787972
4692,0,0,0.36186074457658507,0,0.4368112
4784,0,0,0.25392913704980496,0,0.3864747
6783,0,0,0.04078861255209098,0,0.017662093
3454,0,0,0.23539676647749164,0,0.1623121
510,0,0,0.13756367821094867,0,0.14866458
6599,1,1,0.6124523606374789,1,0.5473503
610,1,0,0.4734811083310477,0,0.3653996
3850,0,0,0.021435306971993293,0,0.0151201375
6827,0,0,0.04730331798879296,0,0.019841773
3702,1,1,0.5601286739529471,1,0.5407666
5536,1,1,0.5243740949171929,0,0.3692799
53,1,1,0.6167780598754796,1,0.7546028
4365,0,0,0.023665670107618633,0,0.006938996
4249,0,0,0.18534423280545412,0,0.26130497
1635,0,0,0.4264016939787817,0,0.27129343
2503,0,0,0.012499955745551038,0,0.004208534
3470,0,0,0.220364306571122,0,0.22102179
1477,1,0,0.18548628059949754,0,0.07719058
1045,0,0,0.4453587607092345,1,0.6069701
3776,0,0,0.09173369059193541,0,0.11634578
3737,1,0,0.46579976657826516,0,0.4301672
6611,0,0,0.05561400558641823,0,0.019817691
6244,0,0,0.4579801936606459,1,0.71385455
3869,0,0,0.35247074561771036,0,0.36941743
337,0,0,0.027771777434463234,0,0.015081267
2900,1,1,0.6914015322682637,1,0.9493035
6412,0,0,0.029578941837930164,0,0.005498338
6399,0,0,0.3464212008956026,0,0.41618568
4223,0,1,0.6212070415840756,1,0.5377713
1733,0,0,0.1947297046601963,0,0.08708477
5077,0,0,0.03652212824635401,0,0.009336293
1421,1,1,0.7044547722413289,1,0.78715926
4765,0,0,0.05673681683818665,0,0.021783652
153,0,0,0.012748770002899033,0,0.01503118
4708,0,0,0.009921299060727423,0,0.010174531
3701,0,0,0.02820611463488467,0,0.04142911
5143,0,0,0.03847124308791258,0,0.020268358
4439,0,0,0.01849006777107064,0,0.0038297684
3857,0,0,0.15455609493649586,0,0.12745298
4758,0,0,0.004511448322356827,0,0.05162334
5613,0,0,0.006421463185155209,0,0.0016886378
